Embryo	Genotype	Scorer	Notochord	Dorsal root ganglia	Somites	Forebrain lateral	Forelimb AER	Hindlimb AER	Common midbrain background	Above eye
002	anc2	AK	0	0	0	3	3	2	0	1
005	anc1	AK	1	1	0	3	0	0	2	0
014	anc1	AK	0	0	0	3	0	0	1	1
024	anc1	AK	1	1	0	3	0	0	2	2
025	anc1	AK	0	1	0	2	1	0	1	1
028	anc2	AK	0	0	0	0	1	0	0	0
037	anc1	AK	0	1	0	2	0	0	1	2
046	anc2	AK	0	0	2	2	2	2	0	1
056	anc2	AK	0	0	0	1	0	0	0	0
061	anc1	AK	1	0	0	3	0	0	3	2
064	anc2	AK	3	0	0	3	0	0	3	3
066	anc1	AK	0	0	0	2	0	0	1	1
084	anc2	AK	3	0	2	3	0	0	0	1
086	anc2	AK	2	2	0	2	2	1	0	0
091	anc2	AK	2	0	0	3	3	3	0	2
099	anc2	AK	0	0	0	2	1	1	1	1
100	anc1	AK	0	0	0	1	0	0	0	1
104	anc1	AK	2	0	0	3	0	0	3	2
106	anc1	AK	1	0	0	1	0	0	0	0
108	anc2	AK	0	0	0	3	3	3	0	1
128	anc2	AK	2	0	0	3	3	3	0	3
146	anc2	AK	0	0	0	2	0	0	0	1
147	anc2	AK	2	0	1	3	3	3	1	2
161	anc2	AK	2	0	3	3	3	3	1	2
167	anc2	AK	0	2	0	3	0	0	0	2
169	anc1	AK	1	1	0	1	0	0	0	1
176	anc2	AK	1	1	0	3	0	0	0	1
179	anc1	AK	0	0	0	3	0	0	1	1
182	anc1	AK	1	1	0	3	0	0	1	2
201	anc1	AK	0	0	0	0	1	0	0	0
002	anc2	MB	0	0	0	3	3	2	0	1
005	anc1	MB	1	1	0	3	0	0	2	2
014	anc1	MB	0	0	0	3	0	0	1	1
024	anc1	MB	1	0	0	3	0	0	3	3
025	anc1	MB	0	0	0	2	0	0	1	1
028	anc2	MB	0	0	0	0	1	1	0	0
037	anc1	MB	0	1	0	2	0	0	1	2
046	anc2	MB	0	0	2	2	3	3	0	1
056	anc2	MB	0	0	0	1	0	0	0	0
061	anc1	MB	1	0	0	3	0	0	3	3
064	anc2	MB	3	0	0	3	0	0	3	3
066	anc1	MB	0	0	0	2	0	0	2	2
084	anc2	MB	3	0	2	3	0	0	0	3
086	anc2	MB	2	2	0	2	3	2	1	3
091	anc2	MB	1	0	0	2	3	3	0	3
099	anc2	MB	0	0	0	3	2	2	2	3
100	anc1	MB	1	0	0	1	0	0	0	2
104	anc1	MB	2	0	0	3	0	0	3	3
106	anc1	MB	1	0	0	1	0	0	1	0
108	anc2	MB	0	0	0	3	3	3	0	2
128	anc2	MB	2	0	0	3	3	3	2	3
146	anc2	MB	0	0	0	2	0	0	0	1
147	anc2	MB	1	0	0	3	3	3	2	3
161	anc2	MB	2	0	3	3	3	2	1	3
167	anc2	MB	0	1	0	3	0	0	0	2
169	anc1	MB	1	0	0	1	0	0	0	1
176	anc2	MB	1	0	0	3	1	1	0	2
179	anc1	MB	0	0	0	3	0	0	0	2
182	anc1	MB	1	1	0	3	0	0	1	2
002	anc2	YJ	0	0	0	3	2	2	0	1
005	anc1	YJ	2	1	0	3	0	0	1	1
014	anc1	YJ	0	0	0	3	0	0	1	0
024	anc1	YJ	2	0	0	3	0	0	1	2
025	anc1	YJ	0	0	0	2	1	0	0	1
028	anc2	YJ	0	0	0	0	1	1	0	0
037	anc1	YJ	0	1	0	2	0	0	1	1
046	anc2	YJ	0	0	3	3	2	2	0	0
056	anc2	YJ	0	0	0	1	0	0	0	0
061	anc1	YJ	1	0	0	3	0	0	1	2
064	anc2	YJ	3	0	0	3	0	0	3	0
066	anc1	YJ	0	0	0	2	0	0	1	1
084	anc2	YJ	2	0	1	3	0	0	0	1
086	anc2	YJ	3	1	0	1	2	2	0	0
091	anc2	YJ	1	0	0	2	3	3	0	2
099	anc2	YJ	0	0	0	3	1	1	0	2
100	anc1	YJ	1	0	0	1	0	0	0	2
104	anc1	YJ	2	0	0	3	0	0	1	2
106	anc1	YJ	1	0	0	1	0	0	0	0
108	anc2	YJ	0	0	0	3	2	1	0	0
128	anc2	YJ	1	0	0	3	3	3	1	2
146	anc2	YJ	0	0	0	2	1	1	0	0
147	anc2	YJ	1	0	0	3	3	3	1	0
161	anc2	YJ	2	0	3	3	3	3	0	2
167	anc2	YJ	0	2	0	3	1	0	1	1
169	anc1	YJ	1	0	0	1	0	0	0	0
176	anc2	YJ	0	1	0	3	1	0	0	0
179	anc1	YJ	0	0	0	2	0	0	0	1
182	anc1	YJ	1	0	0	3	0	0	0	2
201	anc1	YJ	0	0	0	0	0	0	0	0
